[
  { "name": "București", "lat": 44.4268, "lng": 26.1025 },
  { "name": "Cluj-Napoca", "lat": 46.7712, "lng": 23.6236 },
  { "name": "Timișoara", "lat": 45.7489, "lng": 21.2087 },
  { "name": "Iași", "lat": 47.1585, "lng": 27.6014 },
  { "name": "Constanța", "lat": 44.1807, "lng": 28.6343 },
  { "name": "Craiova", "lat": 44.3302, "lng": 23.7949 },
  { "name": "Brașov", "lat": 45.6579, "lng": 25.6012 },
  { "name": "Galați", "lat": 45.4353, "lng": 28.0024 },
  { "name": "Ploiești", "lat": 44.9429, "lng": 26.0235 },
  { "name": "Oradea", "lat": 47.0465, "lng": 21.9189 },
  { "name": "Brăila", "lat": 45.2672, "lng": 27.9575 },
  { "name": "Arad", "lat": 46.1866, "lng": 21.3123 },
  { "name": "Pitești", "lat": 44.8565, "lng": 24.8696 },
  { "name": "Sibiu", "lat": 45.7983, "lng": 24.1256 },
  { "name": "Bacău", "lat": 46.5652, "lng": 26.9025 },
  { "name": "Târgu Mureș", "lat": 46.5424, "lng": 24.5575 },
  { "name": "Baia Mare", "lat": 47.6573, "lng": 23.5821 },
  { "name": "Buzău", "lat": 45.1548, "lng": 26.8203 },
  { "name": "Botoșani", "lat": 47.7483, "lng": 26.6694 },
  { "name": "Satu Mare", "lat": 47.7942, "lng": 22.8864 },
  { "name": "Râmnicu Vâlcea", "lat": 45.1018, "lng": 24.3699 },
  { "name": "Suceava", "lat": 47.6583, "lng": 26.2575 },
  { "name": "Piatra Neamț", "lat": 46.9298, "lng": 26.3722 },
  { "name": "Drobeta-Turnu Severin", "lat": 44.6288, "lng": 22.6558 },
  { "name": "Focșani", "lat": 45.6983, "lng": 27.1828 },
  { "name": "Târgu Jiu", "lat": 45.0352, "lng": 23.2743 },
  { "name": "Tulcea", "lat": 45.1763, "lng": 28.8019 },
  { "name": "Târgoviște", "lat": 44.9262, "lng": 25.4571 },
  { "name": "Reșița", "lat": 45.3000, "lng": 21.8900 },
  { "name": "Slatina", "lat": 44.4300, "lng": 24.3600 },
  { "name": "Hunedoara", "lat": 45.7600, "lng": 22.9000 },
  { "name": "Vaslui", "lat": 46.6400, "lng": 27.7300 },
  { "name": "Roman", "lat": 46.9200, "lng": 26.9200 },
  { "name": "Giurgiu", "lat": 43.9000, "lng": 25.9700 },
  { "name": "Bârlad", "lat": 46.2200, "lng": 27.6700 },
  { "name": "Alba Iulia", "lat": 46.0700, "lng": 23.5700 },
  { "name": "Zalău", "lat": 47.1800, "lng": 23.0500 },
  { "name": "Sfântu Gheorghe", "lat": 45.8700, "lng": 25.7900 },
  { "name": "Miercurea Ciuc", "lat": 46.3600, "lng": 25.8000 },
  { "name": "Slobozia", "lat": 44.5600, "lng": 27.3600 },
  { "name": "Alexandria", "lat": 43.9700, "lng": 25.3300 },
  { "name": "Călărași", "lat": 44.2000, "lng": 27.3300 }
]